Workbook

Sheet Introduction
A1: This file summarizes all student evaluations received by Andrew Glen Benson during his time as a teaching assistant at the University of California, Irvine.
A3: PDF copies of the evaluations can be found here: | F3: https://a-g-benson.github.io/teaching.html
A5: Raw Data contains the data entered directly from the evaluations. | H5: N= | I5: =SUM('Raw Data'!E3:E17) -> 502
A6: The raw data for two courses were originally provided in a format that was disaggregrated by discussion section.
A7: Collapsed Data collapses the data so that every observation corresponds to a single course.
A9: All other tabs summarize the data for a specific question.

Sheet Raw Data
F1: * = I was not TA for all of these students. There were multiple TAs. | G1: How often did you attend discusson section? | N1: How often did you meet with the T.A., outside of the section time, to discuss the course material? | U1: TA was competent in course material. | AC1: TA was able to make presentations clearly | AK1: TA was responsive to students | AS1: TA was able to integrate the lecture and discussion material. | BA1: TA was present and on time for discussion sections/office hours. | BI1: The discussion sections were useful to the success of the course. | BQ1: I would expect another course with this TA to be… | BY1: Rate your TA's general teaching effectiveness:
A2: Order | B2: Course Title | C2: Quarter | D2: Section | E2: Responses | F2: Total Students | G2: Never | H2: Once | I2: 2-3 Times | J2: 4-5 Times | K2: 6-7 Times | L2: 8 times | M2: More than 8 times | N2: Never | O2: Once | P2: 2-3 Times | Q2: 4-5 Times | R2: 6-7 Times | S2: 8 times | T2: More than 8 times | U2: 0 | V2: 1 | W2: 2 | X2: 3 | Y2: 4 | Z2: 5 | AA2: 6 | AB2: 7 | AC2: 0 | AD2: 1 | AE2: 2 | AF2: 3 | AG2: 4 | AH2: 5 | AI2: 6 | AJ2: 7 | AK2: 0 | AL2: 1 | AM2: 2 | AN2: 3 | AO2: 4 | AP2: 5 | AQ2: 6 | AR2: 7 | AS2: 0 | AT2: 1 | AU2: 2 | AV2: 3 | AW2: 4 | AX2: 5 | AY2: 6 | AZ2: 7 | BA2: 0 | BB2: 1 | BC2: 2 | BD2: 3 | BE2: 4 | BF2: 5 | BG2: 6 | BH2: 7 | BI2: 0 | BJ2: 1 | BK2: 2 | BL2: 3 | BM2: 4 | BN2: 5 | BO2: 6 | BP2: 7 | BQ2: 0 | BR2: 1 | BS2: 2 | BT2: 3 | BU2: 4 | BV2: 5 | BW2: 6 | BX2: 7 | BY2: Poor | BZ2: Inadequate | CA2: Less than Adequate | CB2: Adequate | CC2: More than adequate | CD2: Very good | CE2: Excellent
A3: 1 | B3: Econ 100A | C3: Fall 16 | D3: B6 | E3: 25 | F3: 43 | G3: 0 | H3: 1 | I3: 1 | J3: 4 | K3: 3 | L3: 3 | M3: 10 | N3: 5 | O3: 3 | P3: 6 | Q3: 2 | R3: 2 | S3: 2 | T3: 3 | U3: 0 | V3: 0 | W3: 1 | X3: 6 | Y3: 5 | Z3: 7 | AA3: 2 | AB3: 3 | AC3: 0 | AD3: 0 | AE3: 1 | AF3: 4 | AG3: 6 | AH3: 7 | AI3: 5 | AJ3: 1 | AK3: 1 | AL3: 0 | AM3: 1 | AN3: 1 | AO3: 5 | AP3: 4 | AQ3: 6 | AR3: 6 | AS3: 0 | AT3: 0 | AU3: 0 | AV3: 5 | AW3: 5 | AX3: 8 | AY3: 3 | AZ3: 3 | BA3: 0 | BB3: 0 | BC3: 0 | BD3: 2 | BE3: 5 | BF3: 4 | BG3: 6 | BH3: 7 | BI3: 0 | BJ3: 0 | BK3: 0 | BL3: 5 | BM3: 5 | BN3: 8 | BO3: 6 | BP3: 0 | BQ3: 0 | BR3: 0 | BS3: 0 | BT3: 4 | BU3: 6 | BV3: 6 | BW3: 6 | BX3: 1 | BY3: 0 | BZ3: 0 | CA3: 3 | CB3: 9 | CC3: 5 | CD3: 5 | CE3: 3
A4: 2 | B4: Econ 100A | C4: Fall 16 | D4: B5 | E4: 24 | F4: 43 | G4: 0 | H4: 1 | I4: 2 | J4: 0 | K4: 1 | L4: 3 | M4: 17 | N4: 9 | O4: 4 | P4: 6 | Q4: 1 | R4: 0 | S4: 0 | T4: 4 | U4: 0 | V4: 0 | W4: 1 | X4: 1 | Y4: 6 | Z4: 7 | AA4: 5 | AB4: 4 | AC4: 0 | AD4: 1 | AE4: 1 | AF4: 0 | AG4: 11 | AH4: 7 | AI4: 1 | AJ4: 3 | AK4: 0 | AL4: 0 | AM4: 0 | AN4: 0 | AO4: 6 | AP4: 5 | AQ4: 5 | AR4: 8 | AS4: 0 | AT4: 0 | AU4: 0 | AV4: 1 | AW4: 4 | AX4: 5 | AY4: 8 | AZ4: 6 | BA4: 0 | BB4: 0 | BC4: 0 | BD4: 0 | BE4: 8 | BF4: 5 | BG4: 3 | BH4: 8 | BI4: 1 | BJ4: 0 | BK4: 2 | BL4: 0 | BM4: 6 | BN4: 10 | BO4: 2 | BP4: 3 | BQ4: 1 | BR4: 0 | BS4: 1 | BT4: 0 | BU4: 8 | BV4: 8 | BW4: 2 | BX4: 4 | BY4: 0 | BZ4: 0 | CA4: 2 | CB4: 5 | CC4: 10 | CD4: 5 | CE4: 2
A5: 3 | B5: Econ 100A | C5: Fall 16 | D5: B4 | E5: 22 | F5: 43 | G5: 0 | H5: 1 | I5: 2 | J5: 1 | K5: 2 | L5: 3 | M5: 13 | N5: 10 | O5: 2 | P5: 4 | Q5: 2 | R5: 0 | S5: 2 | T5: 2 | U5: 0 | V5: 1 | W5: 2 | X5: 2 | Y5: 5 | Z5: 3 | AA5: 6 | AB5: 3 | AC5: 0 | AD5: 0 | AE5: 3 | AF5: 1 | AG5: 8 | AH5: 3 | AI5: 3 | AJ5: 4 | AK5: 0 | AL5: 0 | AM5: 2 | AN5: 1 | AO5: 5 | AP5: 5 | AQ5: 3 | AR5: 6 | AS5: 0 | AT5: 1 | AU5: 2 | AV5: 2 | AW5: 6 | AX5: 4 | AY5: 3 | AZ5: 4 | BA5: 1 | BB5: 0 | BC5: 1 | BD5: 1 | BE5: 5 | BF5: 3 | BG5: 4 | BH5: 7 | BI5: 1 | BJ5: 1 | BK5: 2 | BL5: 2 | BM5: 6 | BN5: 3 | BO5: 4 | BP5: 3 | BQ5: 1 | BR5: 2 | BS5: 2 | BT5: 2 | BU5: 5 | BV5: 3 | BW5: 4 | BX5: 3 | BY5: 0 | BZ5: 2 | CA5: 2 | CB5: 6 | CC5: 4 | CD5: 6 | CE5: 2
A6: 4 | B6: Pol Sci 151H | C6: Spring 17 | D6: 11 | E6: 11 | F6: 26 | G6: 0 | H6: 1 | I6: 4 | J6: 1 | K6: 2 | L6: 0 | M6: 3 | N6: 3 | O6: 0 | P6: 4 | Q6: 1 | R6: 1 | S6: 0 | T6: 2 | U6: 0 | V6: 0 | W6: 0 | X6: 2 | Y6: 0 | Z6: 3 | AA6: 1 | AB6: 5 | AC6: 0 | AD6: 1 | AE6: 0 | AF6: 1 | AG6: 0 | AH6: 4 | AI6: 0 | AJ6: 5 | AK6: 0 | AL6: 0 | AM6: 0 | AN6: 2 | AO6: 1 | AP6: 2 | AQ6: 0 | AR6: 6 | AS6: 0 | AT6: 1 | AU6: 0 | AV6: 1 | AW6: 1 | AX6: 2 | AY6: 1 | AZ6: 5 | BA6: 0 | BB6: 0 | BC6: 0 | BD6: 1 | BE6: 2 | BF6: 2 | BG6: 1 | BH6: 5 | BI6: 0 | BJ6: 1 | BK6: 0 | BL6: 1 | BM6: 1 | BN6: 1 | BO6: 2 | BP6: 5 | BQ6: 0 | BR6: 1 | BS6: 0 | BT6: 1 | BU6: 1 | BV6: 1 | BW6: 1 | BX6: 6 | BY6: 1 | BZ6: 0 | CA6: 0 | CB6: 3 | CC6: 2 | CD6: 0 | CE6: 5
A7: 5 | B7: Pol Sci 151H | C7: Spring 17 | D7: 3 | E7: 10 | F7: 30 | G7: 1 | H7: 1 | I7: 0 | J7: 2 | K7: 1 | L7: 0 | M7: 5 | N7: 6 | O7: 0 | P7: 0 | Q7: 1 | R7: 1 | S7: 0 | T7: 2 | U7: 2 | V7: 0 | W7: 0 | X7: 0 | Y7: 0 | Z7: 0 | AA7: 4 | AB7: 4 | AC7: 2 | AD7: 0 | AE7: 0 | AF7: 0 | AG7: 0 | AH7: 0 | AI7: 4 | AJ7: 4 | AK7: 2 | AL7: 0 | AM7: 0 | AN7: 0 | AO7: 0 | AP7: 0 | AQ7: 4 | AR7: 4 | AS7: 2 | AT7: 0 | AU7: 0 | AV7: 0 | AW7: 0 | AX7: 0 | AY7: 4 | AZ7: 4 | BA7: 2 | BB7: 0 | BC7: 0 | BD7: 0 | BE7: 0 | BF7: 0 | BG7: 4 | BH7: 4 | BI7: 2 | BJ7: 0 | BK7: 0 | BL7: 0 | BM7: 0 | BN7: 1 | BO7: 3 | BP7: 4 | BQ7: 2 | BR7: 0 | BS7: 0 | BT7: 0 | BU7: 0 | BV7: 0 | BW7: 4 | BX7: 3 | BY7: 0 | BZ7: 0 | CA7: 0 | CB7: 2 | CC7: 3 | CD7: 1 | CE7: 4
A8: 6 | B8: Pol Sci 151H | C8: Spring 17 | D8: 1 | E8: 10 | F8: 25 | G8: 1 | H8: 1 | I8: 0 | J8: 4 | K8: 0 | L8: 2 | M8: 2 | N8: 5 | O8: 0 | P8: 2 | Q8: 1 | R8: 0 | S8: 1 | T8: 1 | U8: 1 | V8: 0 | W8: 0 | X8: 1 | Y8: 1 | Z8: 1 | AA8: 1 | AB8: 5 | AC8: 1 | AD8: 0 | AE8: 0 | AF8: 1 | AG8: 1 | AH8: 0 | AI8: 3 | AJ8: 4 | AK8: 1 | AL8: 0 | AM8: 0 | AN8: 1 | AO8: 0 | AP8: 1 | AQ8: 3 | AR8: 4 | AS8: 1 | AT8: 0 | AU8: 0 | AV8: 1 | AW8: 1 | AX8: 1 | AY8: 2 | AZ8: 4 | BA8: 1 | BB8: 0 | BC8: 0 | BD8: 1 | BE8: 1 | BF8: 1 | BG8: 3 | BH8: 3 | BI8: 1 | BJ8: 0 | BK8: 0 | BL8: 1 | BM8: 1 | BN8: 1 | BO8: 3 | BP8: 3 | BQ8: 1 | BR8: 0 | BS8: 0 | BT8: 1 | BU8: 0 | BV8: 2 | BW8: 1 | BX8: 5 | BY8: 0 | BZ8: 0 | CA8: 0 | CB8: 2 | CC8: 2 | CD8: 3 | CE8: 3
A9: 7 | B9: Econ 158 | C9: Fall 17 | D9: All | E9: 38 | F9: 91 | G9: 24 | H9: 0 | I9: 4 | J9: 1 | K9: 1 | L9: 1 | M9: 3 | N9: 14 | O9: 5 | P9: 11 | Q9: 2 | R9: 2 | S9: 1 | T9: 0 | U9: 0 | V9: 0 | W9: 1 | X9: 3 | Y9: 13 | Z9: 7 | AA9: 7 | AB9: 7 | AC9: 1 | AD9: 0 | AE9: 2 | AF9: 1 | AG9: 13 | AH9: 5 | AI9: 8 | AJ9: 8 | AK9: 0 | AL9: 0 | AM9: 1 | AN9: 2 | AO9: 12 | AP9: 5 | AQ9: 5 | AR9: 13 | AS9: 6 | AT9: 0 | AU9: 0 | AV9: 5 | AW9: 11 | AX9: 3 | AY9: 5 | AZ9: 8 | BA9: 2 | BB9: 0 | BC9: 1 | BD9: 1 | BE9: 12 | BF9: 5 | BG9: 6 | BH9: 11 | BI9: 12 | BJ9: 0 | BK9: 2 | BL9: 1 | BM9: 12 | BN9: 1 | BO9: 3 | BP9: 7 | BQ9: 2 | BR9: 1 | BS9: 1 | BT9: 3 | BU9: 14 | BV9: 5 | BW9: 5 | BX9: 7 | BY9: 0 | BZ9: 1 | CA9: 1 | CB9: 15 | CC9: 10 | CD9: 5 | CE9: 4
A10: 8 | B10: Econ 100A | C10: Winter 18 | D10: All | E10: 73 | F10: 332* | G10: 1 | H10: 0 | I10: 0 | J10: 5 | K10: 8 | L10: 14 | M10: 10 | N10: 33 | O10: 6 | P10: 7 | Q10: 5 | R10: 1 | S10: 4 | T10: 12 | U10: 1 | V10: 3 | W10: 5 | X10: 2 | Y10: 10 | Z10: 9 | AA10: 13 | AB10: 25 | AC10: 1 | AD10: 3 | AE10: 5 | AF10: 1 | AG10: 10 | AH10: 10 | AI10: 14 | AJ10: 24 | AK10: 1 | AL10: 2 | AM10: 4 | AN10: 2 | AO10: 10 | AP10: 9 | AQ10: 15 | AR10: 25 | AS10: 1 | AT10: 2 | AU10: 7 | AV10: 1 | AW10: 10 | AX10: 9 | AY10: 11 | AZ10: 26 | BA10: 2 | BB10: 2 | BC10: 4 | BD10: 2 | BE10: 9 | BF10: 11 | BG10: 10 | BH10: 28 | BI10: 1 | BJ10: 3 | BK10: 4 | BL10: 1 | BM10: 11 | BN10: 10 | BO10: 10 | BP10: 28 | BQ10: 1 | BR10: 3 | BS10: 4 | BT10: 1 | BU10: 11 | BV10: 10 | BW10: 12 | BX10: 25 | BY10: 2 | BZ10: 1 | CA10: 4 | CB10: 10 | CC10: 14 | CD10: 13 | CE10: 21
A11: 9 | B11: Pol Sci 21A | C11: Spring 18 | D11: All | E11: 48 | F11: 408* | G11: 2 | H11: 0 | I11: 1 | J11: 1 | K11: 8 | L11: 3 | M11: 30 | N11: 21 | O11: 3 | P11: 5 | Q11: 1 | R11: 4 | S11: 1 | T11: 8 | U11: 5 | V11: 1 | W11: 0 | X11: 0 | Y11: 7 | Z11: 4 | AA11: 11 | AB11: 16 | AC11: 5 | AD11: 1 | AE11: 0 | AF11: 2 | AG11: 7 | AH11: 3 | AI11: 10 | AJ11: 15 | AK11: 6 | AL11: 1 | AM11: 0 | AN11: 0 | AO11: 2 | AP11: 6 | AQ11: 9 | AR11: 18 | AS11: 5 | AT11: 1 | AU11: 1 | AV11: 1 | AW11: 4 | AX11: 8 | AY11: 9 | AZ11: 14 | BA11: 6 | BB11: 1 | BC11: 0 | BD11: 0 | BE11: 2 | BF11: 2 | BG11: 8 | BH11: 22 | BI11: 4 | BJ11: 1 | BK11: 1 | BL11: 1 | BM11: 5 | BN11: 7 | BO11: 10 | BP11: 13 | BQ11: 6 | BR11: 1 | BS11: 0 | BT11: 1 | BU11: 6 | BV11: 5 | BW11: 8 | BX11: 15 | BY11: 0 | BZ11: 1 | CA11: 1 | CB11: 8 | CC11: 11 | CD11: 10 | CE11: 12
A12: 10 | B12: Econ 100A | C12: Fall 18 | D12: All | E12: 45 | F12: 341* | G12: 4 | H12: 0 | I12: 0 | J12: 0 | K12: 1 | L12: 7 | M12: 32 | N12: 28 | O12: 3 | P12: 5 | Q12: 1 | R12: 1 | S12: 1 | T12: 5 | U12: 4 | V12: 0 | W12: 0 | X12: 2 | Y12: 6 | Z12: 4 | AA12: 16 | AB12: 12 | AC12: 3 | AD12: 1 | AE12: 1 | AF12: 1 | AG12: 8 | AH12: 5 | AI12: 11 | AJ12: 14 | AK12: 4 | AL12: 2 | AM12: 0 | AN12: 2 | AO12: 6 | AP12: 5 | AQ12: 10 | AR12: 15 | AS12: 3 | AT12: 2 | AU12: 0 | AV12: 1 | AW12: 9 | AX12: 7 | AY12: 10 | AZ12: 11 | BA12: 3 | BB12: 0 | BC12: 0 | BD12: 1 | BE12: 8 | BF12: 5 | BG12: 8 | BH12: 18 | BI12: 4 | BJ12: 2 | BK12: 0 | BL12: 2 | BM12: 5 | BN12: 5 | BO12: 11 | BP12: 15 | BQ12: 4 | BR12: 1 | BS12: 3 | BT12: 1 | BU12: 8 | BV12: 1 | BW12: 15 | BX12: 11 | BY12: 2 | BZ12: 1 | CA12: 1 | CB12: 9 | CC12: 8 | CD12: 13 | CE12: 8
A13: 11 | B13: Econ 145E | C13: Winter 19 | D13: All | E13: 43 | F13: 79 | G13: 1 | H13: 0 | I13: 0 | J13: 0 | K13: 4 | L13: 10 | M13: 28 | N13: 13 | O13: 11 | P13: 11 | Q13: 4 | R13: 0 | S13: 0 | T13: 2 | U13: 0 | V13: 3 | W13: 0 | X13: 4 | Y13: 8 | Z13: 6 | AA13: 9 | AB13: 13 | AC13: 0 | AD13: 4 | AE13: 2 | AF13: 2 | AG13: 15 | AH13: 4 | AI13: 8 | AJ13: 8 | AK13: 0 | AL13: 4 | AM13: 0 | AN13: 4 | AO13: 9 | AP13: 3 | AQ13: 6 | AR13: 17 | AS13: 0 | AT13: 6 | AU13: 5 | AV13: 5 | AW13: 10 | AX13: 3 | AY13: 7 | AZ13: 7 | BA13: 1 | BB13: 4 | BC13: 0 | BD13: 0 | BE13: 4 | BF13: 2 | BG13: 7 | BH13: 24 | BI13: 0 | BJ13: 8 | BK13: 8 | BL13: 2 | BM13: 6 | BN13: 5 | BO13: 5 | BP13: 9 | BQ13: 2 | BR13: 10 | BS13: 3 | BT13: 4 | BU13: 9 | BV13: 3 | BW13: 5 | BX13: 7 | BY13: 3 | BZ13: 2 | CA13: 7 | CB13: 12 | CC13: 5 | CD13: 7 | CE13: 7
A14: 12 | B14: Econ 143 | C14: Fall 19 | D14: All | E14: 13 | F14: 40 | G14: 7 | H14: 1 | I14: 0 | J14: 0 | K14: 0 | L14: 1 | M14: 4 | N14: 7 | O14: 1 | P14: 1 | Q14: 0 | R14: 0 | S14: 1 | T14: 3 | U14: 0 | V14: 0 | W14: 0 | X14: 0 | Y14: 2 | Z14: 1 | AA14: 1 | AB14: 9 | AC14: 0 | AD14: 0 | AE14: 0 | AF14: 0 | AG14: 2 | AH14: 1 | AI14: 2 | AJ14: 8 | AK14: 1 | AL14: 0 | AM14: 0 | AN14: 0 | AO14: 3 | AP14: 0 | AQ14: 1 | AR14: 8 | AS14: 0 | AT14: 0 | AU14: 0 | AV14: 0 | AW14: 3 | AX14: 0 | AY14: 0 | AZ14: 10 | BA14: 1 | BB14: 0 | BC14: 0 | BD14: 0 | BE14: 3 | BF14: 0 | BG14: 0 | BH14: 9 | BI14: 1 | BJ14: 0 | BK14: 1 | BL14: 0 | BM14: 2 | BN14: 0 | BO14: 0 | BP14: 9 | BQ14: 0 | BR14: 0 | BS14: 0 | BT14: 0 | BU14: 2 | BV14: 1 | BW14: 0 | BX14: 10 | BY14: 0 | BZ14: 0 | CA14: 2 | CB14: 2 | CC14: 1 | CD14: 2 | CE14: 6
A15: 13 | B15: Econ 125 | C15: Winter 20 | D15: All | E15: 79 | F15: 120 | G15: 2 | H15: 4 | I15: 19 | J15: 16 | K15: 12 | L15: 3 | M15: 23 | N15: 46 | O15: 7 | P15: 9 | Q15: 8 | R15: 5 | S15: 0 | T15: 3 | U15: 1 | V15: 3 | W15: 3 | X15: 7 | Y15: 27 | Z15: 10 | AA15: 7 | AB15: 19 | AC15: 3 | AD15: 2 | AE15: 2 | AF15: 5 | AG15: 23 | AH15: 12 | AI15: 11 | AJ15: 18 | AK15: 2 | AL15: 1 | AM15: 2 | AN15: 1 | AO15: 18 | AP15: 18 | AQ15: 12 | AR15: 23 | AS15: 2 | AT15: 1 | AU15: 2 | AV15: 5 | AW15: 20 | AX15: 14 | AY15: 11 | AZ15: 22 | BA15: 3 | BB15: 1 | BC15: 0 | BD15: 2 | BE15: 18 | BF15: 9 | BG15: 14 | BH15: 30 | BI15: 1 | BJ15: 3 | BK15: 4 | BL15: 7 | BM15: 26 | BN15: 9 | BO15: 10 | BP15: 17 | BQ15: 4 | BR15: 2 | BS15: 4 | BT15: 3 | BU15: 22 | BV15: 9 | BW15: 10 | BX15: 22 | BY15: 1 | BZ15: 1 | CA15: 6 | CB15: 24 | CC15: 15 | CD15: 15 | CE15: 13
A16: 14 | B16: Econ 129 | C16: Spring 20 | D16: All | E16: 42 | F16: 68 | G16: 4 | H16: 1 | I16: 1 | J16: 9 | K16: 2 | L16: 3 | M16: 22 | N16: 12 | O16: 4 | P16: 9 | Q16: 4 | R16: 2 | S16: 1 | T16: 9 | U16: 1 | V16: 0 | W16: 1 | X16: 0 | Y16: 4 | Z16: 4 | AA16: 10 | AB16: 21 | AC16: 2 | AD16: 0 | AE16: 1 | AF16: 0 | AG16: 3 | AH16: 4 | AI16: 9 | AJ16: 22 | AK16: 1 | AL16: 0 | AM16: 1 | AN16: 0 | AO16: 2 | AP16: 2 | AQ16: 5 | AR16: 30 | AS16: 1 | AT16: 0 | AU16: 1 | AV16: 0 | AW16: 3 | AX16: 3 | AY16: 7 | AZ16: 25 | BA16: 2 | BB16: 0 | BC16: 1 | BD16: 0 | BE16: 3 | BF16: 1 | BG16: 7 | BH16: 26 | BI16: 2 | BJ16: 0 | BK16: 1 | BL16: 0 | BM16: 2 | BN16: 3 | BO16: 8 | BP16: 25 | BQ16: 1 | BR16: 0 | BS16: 1 | BT16: 0 | BU16: 3 | BV16: 2 | BW16: 7 | BX16: 27 | BY16: 0 | BZ16: 0 | CA16: 0 | CB16: 3 | CC16: 2 | CD16: 9 | CE16: 26
A17: 15 | B17: Econ 129 | C17: Spring 21 | D17: All | E17: 19 | F17: 45 | G17: 1 | H17: 1 | I17: 7 | J17: 2 | K17: 2 | L17: 0 | M17: 2 | N17: 13 | O17: 2 | P17: 0 | Q17: 0 | R17: 0 | S17: 0 | T17: 0 | U17: 0 | V17: 0 | W17: 0 | X17: 0 | Y17: 2 | Z17: 2 | AA17: 6 | AB17: 7 | AC17: 0 | AD17: 0 | AE17: 0 | AF17: 0 | AG17: 3 | AH17: 2 | AI17: 5 | AJ17: 7 | AK17: 0 | AL17: 0 | AM17: 0 | AN17: 0 | AO17: 2 | AP17: 2 | AQ17: 2 | AR17: 11 | AS17: 0 | AT17: 0 | AU17: 0 | AV17: 0 | AW17: 2 | AX17: 3 | AY17: 4 | AZ17: 8 | BA17: 0 | BB17: 0 | BC17: 0 | BD17: 0 | BE17: 3 | BF17: 1 | BG17: 4 | BH17: 9 | BI17: 0 | BJ17: 0 | BK17: 1 | BL17: 0 | BM17: 2 | BN17: 1 | BO17: 4 | BP17: 9 | BQ17: 0 | BR17: 0 | BS17: 0 | BT17: 1 | BU17: 2 | BV17: 1 | BW17: 4 | BX17: 9 | BY17: 0 | BZ17: 0 | CA17: 1 | CB17: 2 | CC17: 3 | CD17: 11 | CE17: N/A

Sheet Collapsed Data
G1: How Often did you attend discusson section? | N1: How often did you meet with the T.A., outside of the section time, to discuss the course material? | U1: TA was competent in course material. | AC1: TA was able to make presentations clearly | AK1: TA was responsive to students | AS1: TA was able to integrate the lecture and discussion material. | BA1: TA was present and on time for discussion sections/office hours. | BI1: The discussion sections were useful to the success of the course. | BQ1: I would expect another course with this TA to be… | BY1: Rate your TA's general teaching effectiveness:
A2: Order | B2: Course Title | C2: Quarter | D2: Section | E2: Responses | F2: Total Students | G2: Never | H2: Once | I2: 2-3 Times | J2: 4-5 Times | K2: 6-7 Times | L2: 8 times | M2: More than 8 times | N2: Never | O2: Once | P2: 2-3 Times | Q2: 4-5 Times | R2: 6-7 Times | S2: 8 times | T2: More than 8 times | U2: 0 | V2: 1 | W2: 2 | X2: 3 | Y2: 4 | Z2: 5 | AA2: 6 | AB2: 7 | AC2: 0 | AD2: 1 | AE2: 2 | AF2: 3 | AG2: 4 | AH2: 5 | AI2: 6 | AJ2: 7 | AK2: 0 | AL2: 1 | AM2: 2 | AN2: 3 | AO2: 4 | AP2: 5 | AQ2: 6 | AR2: 7 | AS2: 0 | AT2: 1 | AU2: 2 | AV2: 3 | AW2: 4 | AX2: 5 | AY2: 6 | AZ2: 7 | BA2: 0 | BB2: 1 | BC2: 2 | BD2: 3 | BE2: 4 | BF2: 5 | BG2: 6 | BH2: 7 | BI2: 0 | BJ2: 1 | BK2: 2 | BL2: 3 | BM2: 4 | BN2: 5 | BO2: 6 | BP2: 7 | BQ2: 0 | BR2: 1 | BS2: 2 | BT2: 3 | BU2: 4 | BV2: 5 | BW2: 6 | BX2: 7 | BY2: Poor | BZ2: Inadequate | CA2: Less than Adequate | CB2: Adequate | CC2: More than adequate | CD2: Very good | CE2: Excellent
A3: 1 | B3: Econ 100A | C3: Fall 16 | D3: All | E3: =SUMIFS('Raw Data'!E$3:E$16,'Raw Data'!$B$3:$B$16,'Collapsed Data'!$B3,'Raw Data'!$C$3:$C$16,'Collapsed Data'!$C3) -> 71 | F3: =SUMIFS('Raw Data'!F$3:F$16,'Raw Data'!$B$3:$B$16,'Collapsed Data'!$B3,'Raw Data'!$C$3:$C$16,'Collapsed Data'!$C3) -> 129 | G3: =SUMIFS('Raw Data'!G$3:G$17,'Raw Data'!$B$3:$B$17,'Collapsed Data'!$B3,'Raw Data'!$C$3:$C$17,'Collapsed Data'!$C3) -> 0 | H3: =SUMIFS('Raw Data'!H$3:H$17,'Raw Data'!$B$3:$B$17,'Collapsed Data'!$B3,'Raw Data'!$C$3:$C$17,'Collapsed Data'!$C3) -> 3 | I3: =SUMIFS('Raw Data'!I$3:I$17,'Raw Data'!$B$3:$B$17,'Collapsed Data'!$B3,'Raw Data'!$C$3:$C$17,'Collapsed Data'!$C3) -> 5 | J3: =SUMIFS('Raw Data'!J$3:J$17,'Raw Data'!$B$3:$B$17,'Collapsed Data'!$B3,'Raw Data'!$C$3:$C$17,'Collapsed Data'!$C3) -> 5 | K3: =SUMIFS('Raw Data'!K$3:K$17,'Raw Data'!$B$3:$B$17,'Collapsed Data'!$B3,'Raw Data'!$C$3:$C$17,'Collapsed Data'!$C3) -> 6 | L3: =SUMIFS('Raw Data'!L$3:L$17,'Raw Data'!$B$3:$B$17,'Collapsed Data'!$B3,'Raw Data'!$C$3:$C$17,'Collapsed Data'!$C3) -> 9 | M3: =SUMIFS('Raw Data'!M$3:M$17,'Raw Data'!$B$3:$B$17,'Collapsed Data'!$B3,'Raw Data'!$C$3:$C$17,'Collapsed Data'!$C3) -> 40 | N3: =SUMIFS('Raw Data'!N$3:N$17,'Raw Data'!$B$3:$B$17,'Collapsed Data'!$B3,'Raw Data'!$C$3:$C$17,'Collapsed Data'!$C3) -> 24 | ... CE3: =SUMIFS('Raw Data'!CE$3:CE$17,'Raw Data'!$B$3:$B$17,'Collapsed Data'!$B3,'Raw Data'!$C$3:$C$17,'Collapsed Data'!$C3) -> 7
A4: 2 | B4: Pol Sci 151H | C4: Spring 17 | D4: All | E4: =SUMIFS('Raw Data'!E$3:E$16,'Raw Data'!$B$3:$B$16,'Collapsed Data'!$B4,'Raw Data'!$C$3:$C$16,'Collapsed Data'!$C4) -> 31 | F4: =SUMIFS('Raw Data'!F$3:F$16,'Raw Data'!$B$3:$B$16,'Collapsed Data'!$B4,'Raw Data'!$C$3:$C$16,'Collapsed Data'!$C4) -> 81 | G4: =SUMIFS('Raw Data'!G$3:G$17,'Raw Data'!$B$3:$B$17,'Collapsed Data'!$B4,'Raw Data'!$C$3:$C$17,'Collapsed Data'!$C4) -> 2 | H4: =SUMIFS('Raw Data'!H$3:H$17,'Raw Data'!$B$3:$B$17,'Collapsed Data'!$B4,'Raw Data'!$C$3:$C$17,'Collapsed Data'!$C4) -> 3 | I4: =SUMIFS('Raw Data'!I$3:I$17,'Raw Data'!$B$3:$B$17,'Collapsed Data'!$B4,'Raw Data'!$C$3:$C$17,'Collapsed Data'!$C4) -> 4 | J4: =SUMIFS('Raw Data'!J$3:J$17,'Raw Data'!$B$3:$B$17,'Collapsed Data'!$B4,'Raw Data'!$C$3:$C$17,'Collapsed Data'!$C4) -> 7 | K4: =SUMIFS('Raw Data'!K$3:K$17,'Raw Data'!$B$3:$B$17,'Collapsed Data'!$B4,'Raw Data'!$C$3:$C$17,'Collapsed Data'!$C4) -> 3 | L4: =SUMIFS('Raw Data'!L$3:L$17,'Raw Data'!$B$3:$B$17,'Collapsed Data'!$B4,'Raw Data'!$C$3:$C$17,'Collapsed Data'!$C4) -> 2 | M4: =SUMIFS('Raw Data'!M$3:M$17,'Raw Data'!$B$3:$B$17,'Collapsed Data'!$B4,'Raw Data'!$C$3:$C$17,'Collapsed Data'!$C4) -> 10 | N4: =SUMIFS('Raw Data'!N$3:N$17,'Raw Data'!$B$3:$B$17,'Collapsed Data'!$B4,'Raw Data'!$C$3:$C$17,'Collapsed Data'!$C4) -> 14 | ... CE4: =SUMIFS('Raw Data'!CE$3:CE$17,'Raw Data'!$B$3:$B$17,'Collapsed Data'!$B4,'Raw Data'!$C$3:$C$17,'Collapsed Data'!$C4) -> 12
A5: 3 | B5: Econ 158 | C5: Fall 17 | D5: All | E5: =SUMIFS('Raw Data'!E$3:E$16,'Raw Data'!$B$3:$B$16,'Collapsed Data'!$B5,'Raw Data'!$C$3:$C$16,'Collapsed Data'!$C5) -> 38 | F5: =SUMIFS('Raw Data'!F$3:F$16,'Raw Data'!$B$3:$B$16,'Collapsed Data'!$B5,'Raw Data'!$C$3:$C$16,'Collapsed Data'!$C5) -> 91 | G5: =SUMIFS('Raw Data'!G$3:G$17,'Raw Data'!$B$3:$B$17,'Collapsed Data'!$B5,'Raw Data'!$C$3:$C$17,'Collapsed Data'!$C5) -> 24 | H5: =SUMIFS('Raw Data'!H$3:H$17,'Raw Data'!$B$3:$B$17,'Collapsed Data'!$B5,'Raw Data'!$C$3:$C$17,'Collapsed Data'!$C5) -> 0 | I5: =SUMIFS('Raw Data'!I$3:I$17,'Raw Data'!$B$3:$B$17,'Collapsed Data'!$B5,'Raw Data'!$C$3:$C$17,'Collapsed Data'!$C5) -> 4 | J5: =SUMIFS('Raw Data'!J$3:J$17,'Raw Data'!$B$3:$B$17,'Collapsed Data'!$B5,'Raw Data'!$C$3:$C$17,'Collapsed Data'!$C5) -> 1 | K5: =SUMIFS('Raw Data'!K$3:K$17,'Raw Data'!$B$3:$B$17,'Collapsed Data'!$B5,'Raw Data'!$C$3:$C$17,'Collapsed Data'!$C5) -> 1 | L5: =SUMIFS('Raw Data'!L$3:L$17,'Raw Data'!$B$3:$B$17,'Collapsed Data'!$B5,'Raw Data'!$C$3:$C$17,'Collapsed Data'!$C5) -> 1 | M5: =SUMIFS('Raw Data'!M$3:M$17,'Raw Data'!$B$3:$B$17,'Collapsed Data'!$B5,'Raw Data'!$C$3:$C$17,'Collapsed Data'!$C5) -> 3 | N5: =SUMIFS('Raw Data'!N$3:N$17,'Raw Data'!$B$3:$B$17,'Collapsed Data'!$B5,'Raw Data'!$C$3:$C$17,'Collapsed Data'!$C5) -> 14 | ... CE5: =SUMIFS('Raw Data'!CE$3:CE$17,'Raw Data'!$B$3:$B$17,'Collapsed Data'!$B5,'Raw Data'!$C$3:$C$17,'Collapsed Data'!$C5) -> 4
A6: 4 | B6: Econ 100A | C6: Winter 18 | D6: All | E6: =SUMIFS('Raw Data'!E$3:E$16,'Raw Data'!$B$3:$B$16,'Collapsed Data'!$B6,'Raw Data'!$C$3:$C$16,'Collapsed Data'!$C6) -> 73 | G6: =SUMIFS('Raw Data'!G$3:G$17,'Raw Data'!$B$3:$B$17,'Collapsed Data'!$B6,'Raw Data'!$C$3:$C$17,'Collapsed Data'!$C6) -> 1 | H6: =SUMIFS('Raw Data'!H$3:H$17,'Raw Data'!$B$3:$B$17,'Collapsed Data'!$B6,'Raw Data'!$C$3:$C$17,'Collapsed Data'!$C6) -> 0 | I6: =SUMIFS('Raw Data'!I$3:I$17,'Raw Data'!$B$3:$B$17,'Collapsed Data'!$B6,'Raw Data'!$C$3:$C$17,'Collapsed Data'!$C6) -> 0 | J6: =SUMIFS('Raw Data'!J$3:J$17,'Raw Data'!$B$3:$B$17,'Collapsed Data'!$B6,'Raw Data'!$C$3:$C$17,'Collapsed Data'!$C6) -> 5 | K6: =SUMIFS('Raw Data'!K$3:K$17,'Raw Data'!$B$3:$B$17,'Collapsed Data'!$B6,'Raw Data'!$C$3:$C$17,'Collapsed Data'!$C6) -> 8 | L6: =SUMIFS('Raw Data'!L$3:L$17,'Raw Data'!$B$3:$B$17,'Collapsed Data'!$B6,'Raw Data'!$C$3:$C$17,'Collapsed Data'!$C6) -> 14 | M6: =SUMIFS('Raw Data'!M$3:M$17,'Raw Data'!$B$3:$B$17,'Collapsed Data'!$B6,'Raw Data'!$C$3:$C$17,'Collapsed Data'!$C6) -> 10 | N6: =SUMIFS('Raw Data'!N$3:N$17,'Raw Data'!$B$3:$B$17,'Collapsed Data'!$B6,'Raw Data'!$C$3:$C$17,'Collapsed Data'!$C6) -> 33 | ... CE6: =SUMIFS('Raw Data'!CE$3:CE$17,'Raw Data'!$B$3:$B$17,'Collapsed Data'!$B6,'Raw Data'!$C$3:$C$17,'Collapsed Data'!$C6) -> 21
A7: 5 | B7: Pol Sci 21A | C7: Spring 18 | D7: All | E7: =SUMIFS('Raw Data'!E$3:E$16,'Raw Data'!$B$3:$B$16,'Collapsed Data'!$B7,'Raw Data'!$C$3:$C$16,'Collapsed Data'!$C7) -> 48 | G7: =SUMIFS('Raw Data'!G$3:G$17,'Raw Data'!$B$3:$B$17,'Collapsed Data'!$B7,'Raw Data'!$C$3:$C$17,'Collapsed Data'!$C7) -> 2 | H7: =SUMIFS('Raw Data'!H$3:H$17,'Raw Data'!$B$3:$B$17,'Collapsed Data'!$B7,'Raw Data'!$C$3:$C$17,'Collapsed Data'!$C7) -> 0 | I7: =SUMIFS('Raw Data'!I$3:I$17,'Raw Data'!$B$3:$B$17,'Collapsed Data'!$B7,'Raw Data'!$C$3:$C$17,'Collapsed Data'!$C7) -> 1 | J7: =SUMIFS('Raw Data'!J$3:J$17,'Raw Data'!$B$3:$B$17,'Collapsed Data'!$B7,'Raw Data'!$C$3:$C$17,'Collapsed Data'!$C7) -> 1 | K7: =SUMIFS('Raw Data'!K$3:K$17,'Raw Data'!$B$3:$B$17,'Collapsed Data'!$B7,'Raw Data'!$C$3:$C$17,'Collapsed Data'!$C7) -> 8 | L7: =SUMIFS('Raw Data'!L$3:L$17,'Raw Data'!$B$3:$B$17,'Collapsed Data'!$B7,'Raw Data'!$C$3:$C$17,'Collapsed Data'!$C7) -> 3 | M7: =SUMIFS('Raw Data'!M$3:M$17,'Raw Data'!$B$3:$B$17,'Collapsed Data'!$B7,'Raw Data'!$C$3:$C$17,'Collapsed Data'!$C7) -> 30 | N7: =SUMIFS('Raw Data'!N$3:N$17,'Raw Data'!$B$3:$B$17,'Collapsed Data'!$B7,'Raw Data'!$C$3:$C$17,'Collapsed Data'!$C7) -> 21 | ... CE7: =SUMIFS('Raw Data'!CE$3:CE$17,'Raw Data'!$B$3:$B$17,'Collapsed Data'!$B7,'Raw Data'!$C$3:$C$17,'Collapsed Data'!$C7) -> 12
A8: 6 | B8: Econ 100A | C8: Fall 18 | D8: All | E8: =SUMIFS('Raw Data'!E$3:E$16,'Raw Data'!$B$3:$B$16,'Collapsed Data'!$B8,'Raw Data'!$C$3:$C$16,'Collapsed Data'!$C8) -> 45 | G8: =SUMIFS('Raw Data'!G$3:G$17,'Raw Data'!$B$3:$B$17,'Collapsed Data'!$B8,'Raw Data'!$C$3:$C$17,'Collapsed Data'!$C8) -> 4 | H8: =SUMIFS('Raw Data'!H$3:H$17,'Raw Data'!$B$3:$B$17,'Collapsed Data'!$B8,'Raw Data'!$C$3:$C$17,'Collapsed Data'!$C8) -> 0 | I8: =SUMIFS('Raw Data'!I$3:I$17,'Raw Data'!$B$3:$B$17,'Collapsed Data'!$B8,'Raw Data'!$C$3:$C$17,'Collapsed Data'!$C8) -> 0 | J8: =SUMIFS('Raw Data'!J$3:J$17,'Raw Data'!$B$3:$B$17,'Collapsed Data'!$B8,'Raw Data'!$C$3:$C$17,'Collapsed Data'!$C8) -> 0 | K8: =SUMIFS('Raw Data'!K$3:K$17,'Raw Data'!$B$3:$B$17,'Collapsed Data'!$B8,'Raw Data'!$C$3:$C$17,'Collapsed Data'!$C8) -> 1 | L8: =SUMIFS('Raw Data'!L$3:L$17,'Raw Data'!$B$3:$B$17,'Collapsed Data'!$B8,'Raw Data'!$C$3:$C$17,'Collapsed Data'!$C8) -> 7 | M8: =SUMIFS('Raw Data'!M$3:M$17,'Raw Data'!$B$3:$B$17,'Collapsed Data'!$B8,'Raw Data'!$C$3:$C$17,'Collapsed Data'!$C8) -> 32 | N8: =SUMIFS('Raw Data'!N$3:N$17,'Raw Data'!$B$3:$B$17,'Collapsed Data'!$B8,'Raw Data'!$C$3:$C$17,'Collapsed Data'!$C8) -> 28 | ... CE8: =SUMIFS('Raw Data'!CE$3:CE$17,'Raw Data'!$B$3:$B$17,'Collapsed Data'!$B8,'Raw Data'!$C$3:$C$17,'Collapsed Data'!$C8) -> 8
A9: 7 | B9: Econ 145E | C9: Winter 19 | D9: All | E9: =SUMIFS('Raw Data'!E$3:E$16,'Raw Data'!$B$3:$B$16,'Collapsed Data'!$B9,'Raw Data'!$C$3:$C$16,'Collapsed Data'!$C9) -> 43 | F9: =SUMIFS('Raw Data'!F$3:F$16,'Raw Data'!$B$3:$B$16,'Collapsed Data'!$B9,'Raw Data'!$C$3:$C$16,'Collapsed Data'!$C9) -> 79 | G9: =SUMIFS('Raw Data'!G$3:G$17,'Raw Data'!$B$3:$B$17,'Collapsed Data'!$B9,'Raw Data'!$C$3:$C$17,'Collapsed Data'!$C9) -> 1 | H9: =SUMIFS('Raw Data'!H$3:H$17,'Raw Data'!$B$3:$B$17,'Collapsed Data'!$B9,'Raw Data'!$C$3:$C$17,'Collapsed Data'!$C9) -> 0 | I9: =SUMIFS('Raw Data'!I$3:I$17,'Raw Data'!$B$3:$B$17,'Collapsed Data'!$B9,'Raw Data'!$C$3:$C$17,'Collapsed Data'!$C9) -> 0 | J9: =SUMIFS('Raw Data'!J$3:J$17,'Raw Data'!$B$3:$B$17,'Collapsed Data'!$B9,'Raw Data'!$C$3:$C$17,'Collapsed Data'!$C9) -> 0 | K9: =SUMIFS('Raw Data'!K$3:K$17,'Raw Data'!$B$3:$B$17,'Collapsed Data'!$B9,'Raw Data'!$C$3:$C$17,'Collapsed Data'!$C9) -> 4 | L9: =SUMIFS('Raw Data'!L$3:L$17,'Raw Data'!$B$3:$B$17,'Collapsed Data'!$B9,'Raw Data'!$C$3:$C$17,'Collapsed Data'!$C9) -> 10 | M9: =SUMIFS('Raw Data'!M$3:M$17,'Raw Data'!$B$3:$B$17,'Collapsed Data'!$B9,'Raw Data'!$C$3:$C$17,'Collapsed Data'!$C9) -> 28 | N9: =SUMIFS('Raw Data'!N$3:N$17,'Raw Data'!$B$3:$B$17,'Collapsed Data'!$B9,'Raw Data'!$C$3:$C$17,'Collapsed Data'!$C9) -> 13 | ... CE9: =SUMIFS('Raw Data'!CE$3:CE$17,'Raw Data'!$B$3:$B$17,'Collapsed Data'!$B9,'Raw Data'!$C$3:$C$17,'Collapsed Data'!$C9) -> 7
A10: 8 | B10: Econ 143 | C10: Fall 19 | D10: All | E10: =SUMIFS('Raw Data'!E$3:E$16,'Raw Data'!$B$3:$B$16,'Collapsed Data'!$B10,'Raw Data'!$C$3:$C$16,'Collapsed Data'!$C10) -> 13 | F10: =SUMIFS('Raw Data'!F$3:F$16,'Raw Data'!$B$3:$B$16,'Collapsed Data'!$B10,'Raw Data'!$C$3:$C$16,'Collapsed Data'!$C10) -> 40 | G10: =SUMIFS('Raw Data'!G$3:G$17,'Raw Data'!$B$3:$B$17,'Collapsed Data'!$B10,'Raw Data'!$C$3:$C$17,'Collapsed Data'!$C10) -> 7 | H10: =SUMIFS('Raw Data'!H$3:H$17,'Raw Data'!$B$3:$B$17,'Collapsed Data'!$B10,'Raw Data'!$C$3:$C$17,'Collapsed Data'!$C10) -> 1 | I10: =SUMIFS('Raw Data'!I$3:I$17,'Raw Data'!$B$3:$B$17,'Collapsed Data'!$B10,'Raw Data'!$C$3:$C$17,'Collapsed Data'!$C10) -> 0 | J10: =SUMIFS('Raw Data'!J$3:J$17,'Raw Data'!$B$3:$B$17,'Collapsed Data'!$B10,'Raw Data'!$C$3:$C$17,'Collapsed Data'!$C10) -> 0 | K10: =SUMIFS('Raw Data'!K$3:K$17,'Raw Data'!$B$3:$B$17,'Collapsed Data'!$B10,'Raw Data'!$C$3:$C$17,'Collapsed Data'!$C10) -> 0 | L10: =SUMIFS('Raw Data'!L$3:L$17,'Raw Data'!$B$3:$B$17,'Collapsed Data'!$B10,'Raw Data'!$C$3:$C$17,'Collapsed Data'!$C10) -> 1 | M10: =SUMIFS('Raw Data'!M$3:M$17,'Raw Data'!$B$3:$B$17,'Collapsed Data'!$B10,'Raw Data'!$C$3:$C$17,'Collapsed Data'!$C10) -> 4 | N10: =SUMIFS('Raw Data'!N$3:N$17,'Raw Data'!$B$3:$B$17,'Collapsed Data'!$B10,'Raw Data'!$C$3:$C$17,'Collapsed Data'!$C10) -> 7 | ... CE10: =SUMIFS('Raw Data'!CE$3:CE$17,'Raw Data'!$B$3:$B$17,'Collapsed Data'!$B10,'Raw Data'!$C$3:$C$17,'Collapsed Data'!$C10) -> 6
A11: 9 | B11: Econ 125 | C11: Winter 20 | D11: All | E11: =SUMIFS('Raw Data'!E$3:E$16,'Raw Data'!$B$3:$B$16,'Collapsed Data'!$B11,'Raw Data'!$C$3:$C$16,'Collapsed Data'!$C11) -> 79 | F11: =SUMIFS('Raw Data'!F$3:F$16,'Raw Data'!$B$3:$B$16,'Collapsed Data'!$B11,'Raw Data'!$C$3:$C$16,'Collapsed Data'!$C11) -> 120 | G11: =SUMIFS('Raw Data'!G$3:G$17,'Raw Data'!$B$3:$B$17,'Collapsed Data'!$B11,'Raw Data'!$C$3:$C$17,'Collapsed Data'!$C11) -> 2 | H11: =SUMIFS('Raw Data'!H$3:H$17,'Raw Data'!$B$3:$B$17,'Collapsed Data'!$B11,'Raw Data'!$C$3:$C$17,'Collapsed Data'!$C11) -> 4 | I11: =SUMIFS('Raw Data'!I$3:I$17,'Raw Data'!$B$3:$B$17,'Collapsed Data'!$B11,'Raw Data'!$C$3:$C$17,'Collapsed Data'!$C11) -> 19 | J11: =SUMIFS('Raw Data'!J$3:J$17,'Raw Data'!$B$3:$B$17,'Collapsed Data'!$B11,'Raw Data'!$C$3:$C$17,'Collapsed Data'!$C11) -> 16 | K11: =SUMIFS('Raw Data'!K$3:K$17,'Raw Data'!$B$3:$B$17,'Collapsed Data'!$B11,'Raw Data'!$C$3:$C$17,'Collapsed Data'!$C11) -> 12 | L11: =SUMIFS('Raw Data'!L$3:L$17,'Raw Data'!$B$3:$B$17,'Collapsed Data'!$B11,'Raw Data'!$C$3:$C$17,'Collapsed Data'!$C11) -> 3 | M11: =SUMIFS('Raw Data'!M$3:M$17,'Raw Data'!$B$3:$B$17,'Collapsed Data'!$B11,'Raw Data'!$C$3:$C$17,'Collapsed Data'!$C11) -> 23 | N11: =SUMIFS('Raw Data'!N$3:N$17,'Raw Data'!$B$3:$B$17,'Collapsed Data'!$B11,'Raw Data'!$C$3:$C$17,'Collapsed Data'!$C11) -> 46 | ... CE11: =SUMIFS('Raw Data'!CE$3:CE$17,'Raw Data'!$B$3:$B$17,'Collapsed Data'!$B11,'Raw Data'!$C$3:$C$17,'Collapsed Data'!$C11) -> 13
A12: 10 | B12: Econ 129 | C12: Spring 20 | D12: All | E12: =SUMIFS('Raw Data'!E$3:E$16,'Raw Data'!$B$3:$B$16,'Collapsed Data'!$B12,'Raw Data'!$C$3:$C$16,'Collapsed Data'!$C12) -> 42 | F12: =SUMIFS('Raw Data'!F$3:F$16,'Raw Data'!$B$3:$B$16,'Collapsed Data'!$B12,'Raw Data'!$C$3:$C$16,'Collapsed Data'!$C12) -> 68 | G12: =SUMIFS('Raw Data'!G$3:G$17,'Raw Data'!$B$3:$B$17,'Collapsed Data'!$B12,'Raw Data'!$C$3:$C$17,'Collapsed Data'!$C12) -> 4 | H12: =SUMIFS('Raw Data'!H$3:H$17,'Raw Data'!$B$3:$B$17,'Collapsed Data'!$B12,'Raw Data'!$C$3:$C$17,'Collapsed Data'!$C12) -> 1 | I12: =SUMIFS('Raw Data'!I$3:I$17,'Raw Data'!$B$3:$B$17,'Collapsed Data'!$B12,'Raw Data'!$C$3:$C$17,'Collapsed Data'!$C12) -> 1 | J12: =SUMIFS('Raw Data'!J$3:J$17,'Raw Data'!$B$3:$B$17,'Collapsed Data'!$B12,'Raw Data'!$C$3:$C$17,'Collapsed Data'!$C12) -> 9 | K12: =SUMIFS('Raw Data'!K$3:K$17,'Raw Data'!$B$3:$B$17,'Collapsed Data'!$B12,'Raw Data'!$C$3:$C$17,'Collapsed Data'!$C12) -> 2 | L12: =SUMIFS('Raw Data'!L$3:L$17,'Raw Data'!$B$3:$B$17,'Collapsed Data'!$B12,'Raw Data'!$C$3:$C$17,'Collapsed Data'!$C12) -> 3 | M12: =SUMIFS('Raw Data'!M$3:M$17,'Raw Data'!$B$3:$B$17,'Collapsed Data'!$B12,'Raw Data'!$C$3:$C$17,'Collapsed Data'!$C12) -> 22 | N12: =SUMIFS('Raw Data'!N$3:N$17,'Raw Data'!$B$3:$B$17,'Collapsed Data'!$B12,'Raw Data'!$C$3:$C$17,'Collapsed Data'!$C12) -> 12 | ... CE12: =SUMIFS('Raw Data'!CE$3:CE$17,'Raw Data'!$B$3:$B$17,'Collapsed Data'!$B12,'Raw Data'!$C$3:$C$17,'Collapsed Data'!$C12) -> 26
A13: 11 | B13: Econ 129 | C13: Spring 21 | D13: All | E13: 19 | F13: 45 | G13: =SUMIFS('Raw Data'!G$3:G$17,'Raw Data'!$B$3:$B$17,'Collapsed Data'!$B13,'Raw Data'!$C$3:$C$17,'Collapsed Data'!$C13) -> 1 | H13: =SUMIFS('Raw Data'!H$3:H$17,'Raw Data'!$B$3:$B$17,'Collapsed Data'!$B13,'Raw Data'!$C$3:$C$17,'Collapsed Data'!$C13) -> 1 | I13: =SUMIFS('Raw Data'!I$3:I$17,'Raw Data'!$B$3:$B$17,'Collapsed Data'!$B13,'Raw Data'!$C$3:$C$17,'Collapsed Data'!$C13) -> 7 | J13: =SUMIFS('Raw Data'!J$3:J$17,'Raw Data'!$B$3:$B$17,'Collapsed Data'!$B13,'Raw Data'!$C$3:$C$17,'Collapsed Data'!$C13) -> 2 | K13: =SUMIFS('Raw Data'!K$3:K$17,'Raw Data'!$B$3:$B$17,'Collapsed Data'!$B13,'Raw Data'!$C$3:$C$17,'Collapsed Data'!$C13) -> 2 | L13: =SUMIFS('Raw Data'!L$3:L$17,'Raw Data'!$B$3:$B$17,'Collapsed Data'!$B13,'Raw Data'!$C$3:$C$17,'Collapsed Data'!$C13) -> 0 | M13: =SUMIFS('Raw Data'!M$3:M$17,'Raw Data'!$B$3:$B$17,'Collapsed Data'!$B13,'Raw Data'!$C$3:$C$17,'Collapsed Data'!$C13) -> 2 | N13: =SUMIFS('Raw Data'!N$3:N$17,'Raw Data'!$B$3:$B$17,'Collapsed Data'!$B13,'Raw Data'!$C$3:$C$17,'Collapsed Data'!$C13) -> 13 | ... CD13: =SUMIFS('Raw Data'!CD$3:CD$17,'Raw Data'!$B$3:$B$17,'Collapsed Data'!$B13,'Raw Data'!$C$3:$C$17,'Collapsed Data'!$C13) -> 11 | CE13: 0

Sheet General Effectiveness
A1: "Rate your TA's general teaching effectiveness"
A3: Disclaimer: In AY 20-21, the set of responses availabile for this question excluded "Excellent." I taught once course in AY 20-21, which is excluded from the summary presented here due to the inconsistency.
A5: N | B5: Poor | C5: Inadequate | D5: Less Than Adequate | E5: Adequate | F5: More Than Adequate | G5: Very Good | H5: Excellent
A6: =SUM(B6:H6) -> 476 | B6: =SUM('Collapsed Data'!BY3:BY13) -> 9 | C6: =SUM('Collapsed Data'!BZ3:BZ13) -> 9 | D6: =SUM('Collapsed Data'!CA3:CA13) -> 30 | E6: =SUM('Collapsed Data'!CB3:CB13) -> 112 | F6: =SUM('Collapsed Data'!CC3:CC13) -> 95 | G6: =SUM('Collapsed Data'!CD3:CD13) -> 105 | H6: =SUM('Collapsed Data'!CE3:CE13) -> 116 | J6: Adequate or better
B7: =B6/$A$6 -> 0.018907563 | C7: =C6/$A$6 -> 0.018907563 | D7: =D6/$A$6 -> 0.06302521 | E7: =E6/$A$6 -> 0.23529412 | F7: =F6/$A$6 -> 0.19957983 | G7: =G6/$A$6 -> 0.22058824 | H7: =H6/$A$6 -> 0.24369748 | J7: =SUM(E7:H7) -> 0.89915966
C37: Trend Over Time
D38: Students Rating Me Above "Adequate" | G38: Average Rating by Course
C39: Course | D39: N | E39: % | G39: Poor = 1... Adequate = 4... Excellent = 7
C40: Econ 100A | D40: =SUM('Collapsed Data'!CC3:CE3) -> 42 | E40: =D40/SUM('Collapsed Data'!BY3:CE3) -> 0.5915493 | G40: =('Collapsed Data'!BY3*1+'Collapsed Data'!BZ3*2+'Collapsed Data'!CA3*3+'Collapsed Data'!CB3*4+'Collapsed Data'!CC3*5+'Collapsed Data'!CD3*6+'Collapsed Data'!CE3*7)/SUM('Collapsed Data'!BY3:CE3) -> 4.8591549
C41: Pol Sci 151H | D41: =SUM('Collapsed Data'!CC4:CE4) -> 23 | E41: =D41/SUM('Collapsed Data'!BY4:CE4) -> 0.74193548 | G41: =('Collapsed Data'!BY4*1+'Collapsed Data'!BZ4*2+'Collapsed Data'!CA4*3+'Collapsed Data'!CB4*4+'Collapsed Data'!CC4*5+'Collapsed Data'!CD4*6+'Collapsed Data'!CE4*7)/SUM('Collapsed Data'!BY4:CE4) -> 5.5483871
C42: Econ 158 | D42: =SUM('Collapsed Data'!CC5:CE5) -> 19 | E42: =D42/SUM('Collapsed Data'!BY5:CE5) -> 0.52777778 | G42: =('Collapsed Data'!BY5*1+'Collapsed Data'!BZ5*2+'Collapsed Data'!CA5*3+'Collapsed Data'!CB5*4+'Collapsed Data'!CC5*5+'Collapsed Data'!CD5*6+'Collapsed Data'!CE5*7)/SUM('Collapsed Data'!BY5:CE5) -> 4.8055556
C43: Econ 100A | D43: =SUM('Collapsed Data'!CC6:CE6) -> 48 | E43: =D43/SUM('Collapsed Data'!BY6:CE6) -> 0.73846154 | G43: =('Collapsed Data'!BY6*1+'Collapsed Data'!BZ6*2+'Collapsed Data'!CA6*3+'Collapsed Data'!CB6*4+'Collapsed Data'!CC6*5+'Collapsed Data'!CD6*6+'Collapsed Data'!CE6*7)/SUM('Collapsed Data'!BY6:CE6) -> 5.4
C44: Pol Sci 21A | D44: =SUM('Collapsed Data'!CC7:CE7) -> 33 | E44: =D44/SUM('Collapsed Data'!BY7:CE7) -> 0.76744186 | G44: =('Collapsed Data'!BY7*1+'Collapsed Data'!BZ7*2+'Collapsed Data'!CA7*3+'Collapsed Data'!CB7*4+'Collapsed Data'!CC7*5+'Collapsed Data'!CD7*6+'Collapsed Data'!CE7*7)/SUM('Collapsed Data'!BY7:CE7) -> 5.4883721
C45: Econ 100A | D45: =SUM('Collapsed Data'!CC8:CE8) -> 29 | E45: =D45/SUM('Collapsed Data'!BY8:CE8) -> 0.69047619 | G45: =('Collapsed Data'!BY8*1+'Collapsed Data'!BZ8*2+'Collapsed Data'!CA8*3+'Collapsed Data'!CB8*4+'Collapsed Data'!CC8*5+'Collapsed Data'!CD8*6+'Collapsed Data'!CE8*7)/SUM('Collapsed Data'!BY8:CE8) -> 5.1666667
C46: Econ 145E | D46: =SUM('Collapsed Data'!CC9:CE9) -> 19 | E46: =D46/SUM('Collapsed Data'!BY9:CE9) -> 0.44186047 | G46: =('Collapsed Data'!BY9*1+'Collapsed Data'!BZ9*2+'Collapsed Data'!CA9*3+'Collapsed Data'!CB9*4+'Collapsed Data'!CC9*5+'Collapsed Data'!CD9*6+'Collapsed Data'!CE9*7)/SUM('Collapsed Data'!BY9:CE9) -> 4.4651163
C47: Econ 143 | D47: =SUM('Collapsed Data'!CC10:CE10) -> 9 | E47: =D47/SUM('Collapsed Data'!BY10:CE10) -> 0.69230769 | G47: =('Collapsed Data'!BY10*1+'Collapsed Data'!BZ10*2+'Collapsed Data'!CA10*3+'Collapsed Data'!CB10*4+'Collapsed Data'!CC10*5+'Collapsed Data'!CD10*6+'Collapsed Data'!CE10*7)/SUM('Collapsed Data'!BY10:CE10) -> 5.6153846
C48: Econ 125 | D48: =SUM('Collapsed Data'!CC11:CE11) -> 43 | E48: =D48/SUM('Collapsed Data'!BY11:CE11) -> 0.57333333 | G48: =('Collapsed Data'!BY11*1+'Collapsed Data'!BZ11*2+'Collapsed Data'!CA11*3+'Collapsed Data'!CB11*4+'Collapsed Data'!CC11*5+'Collapsed Data'!CD11*6+'Collapsed Data'!CE11*7)/SUM('Collapsed Data'!BY11:CE11) -> 4.9733333
C49: Econ 129 | D49: =SUM('Collapsed Data'!CC12:CE12) -> 37 | E49: =D49/SUM('Collapsed Data'!BY12:CE12) -> 0.925 | G49: =('Collapsed Data'!BY12*1+'Collapsed Data'!BZ12*2+'Collapsed Data'!CA12*3+'Collapsed Data'!CB12*4+'Collapsed Data'!CC12*5+'Collapsed Data'!CD12*6+'Collapsed Data'!CE12*7)/SUM('Collapsed Data'!BY12:CE12) -> 6.45

Sheet Competence
A1: "TA was competent in course material."
C3: N/A or Unsure | D3: "Among Worst" | G3: "OK or Average" | J3: "Among Best"
C4: 0 | D4: 1 | E4: 2 | F4: 3 | G4: 4 | H4: 5 | I4: 6 | J4: 7
A5: All Responses | B5: =SUM(C5:J5) -> 486 | C5: =SUM('Collapsed Data'!U3:U13) -> 15 | D5: =SUM('Collapsed Data'!V3:V13) -> 11 | E5: =SUM('Collapsed Data'!W3:W13) -> 14 | F5: =SUM('Collapsed Data'!X3:X13) -> 30 | G5: =SUM('Collapsed Data'!Y3:Y13) -> 96 | H5: =SUM('Collapsed Data'!Z3:Z13) -> 68 | I5: =SUM('Collapsed Data'!AA3:AA13) -> 99 | J5: =SUM('Collapsed Data'!AB3:AB13) -> 153
A6: All Responses, less N/A or Unsure | B6: =B5-C5 -> 471 | D6: =D5/$B$6 -> 0.023354565 | E6: =E5/$B$6 -> 0.029723992 | F6: =F5/$B$6 -> 0.063694268 | G6: =G5/$B$6 -> 0.20382166 | H6: =H5/$B$6 -> 0.14437367 | I6: =I5/$B$6 -> 0.21019108 | J6: =J5/$B$6 -> 0.32484076
D7: =D5*(D4-$D$10)^2 -> 207.77178 | E7: =E5*(E4-$D$10)^2 -> 156.74679 | F7: =F5*(F4-$D$10)^2 -> 165.12164 | G7: =G5*(G4-$D$10)^2 -> 173.94339 | H7: =H5*(H4-$D$10)^2 -> 8.1440852 | I7: =I5*(I4-$D$10)^2 -> 42.334537 | J7: =J5*(J4-$D$10)^2 -> 418.52801
C10: Average Rating | D10: =SUMPRODUCT(D4:J4,D6:J6) -> 5.3460722
C11: Std. Dev. | D11: =SQRT(SUM(D7:J7)/(B6-1)) -> 1.5795166
A12: Share of Students Rating Me Above "OK or Average" | D12: =SUM(H6:J6) -> 0.67940552

Sheet Clarity
A1: "T.A. was able to make presentations clearly."
C3: N/A or Unsure | D3: "Among Worst" | G3: "OK or Average" | J3: "Among Best"
C4: 0 | D4: 1 | E4: 2 | F4: 3 | G4: 4 | H4: 5 | I4: 6 | J4: 7
A5: All Responses | B5: =SUM(C5:J5) -> 484 | C5: =SUM('Collapsed Data'!AC3:AC13) -> 18 | D5: =SUM('Collapsed Data'!AD3:AD13) -> 13 | E5: =SUM('Collapsed Data'!AE3:AE13) -> 18 | F5: =SUM('Collapsed Data'!AF3:AF13) -> 19 | G5: =SUM('Collapsed Data'!AG3:AG13) -> 110 | H5: =SUM('Collapsed Data'!AH3:AH13) -> 67 | I5: =SUM('Collapsed Data'!AI3:AI13) -> 94 | J5: =SUM('Collapsed Data'!AJ3:AJ13) -> 145
A6: All Responses, less N/A or Unsure | B6: =B5-C5 -> 466 | D6: =D5/$B$6 -> 0.027896996 | E6: =E5/$B$6 -> 0.038626609 | F6: =F5/$B$6 -> 0.040772532 | G6: =G5/$B$6 -> 0.2360515 | H6: =H5/$B$6 -> 0.14377682 | I6: =I5/$B$6 -> 0.20171674 | J6: =J5/$B$6 -> 0.3111588
D7: =D5*(D4-$D$10)^2 -> 238.02459 | E7: =E5*(E4-$D$10)^2 -> 193.52959 | F7: =F5*(F4-$D$10)^2 -> 98.680377 | G7: =G5*(G4-$D$10)^2 -> 179.93406 | H7: =H5*(H4-$D$10)^2 -> 5.2142239 | I7: =I5*(I4-$D$10)^2 -> 48.869126 | J7: =J5*(J4-$D$10)^2 -> 429.48194
C10: Average Rating | D10: =SUMPRODUCT(D4:J4,D6:J6) -> 5.27897
C11: Std. Dev. | D11: =SQRT(SUM(D7:J7)/(B6-1)) -> 1.602239
A12: Share of Students Rating Me Above "OK or Average" | D12: =SUM(H6:J6) -> 0.65665236

Sheet Responsiveness
A1: "T.A. was responsive to students."
C3: N/A or Unsure | D3: "Among Worst" | G3: "OK or Average" | J3: "Among Best"
C4: 0 | D4: 1 | E4: 2 | F4: 3 | G4: 4 | H4: 5 | I4: 6 | J4: 7
A5: All Responses | B5: =SUM(C5:J5) -> 484 | C5: =SUM('Collapsed Data'!AK3:AK13) -> 19 | D5: =SUM('Collapsed Data'!AL3:AL13) -> 10 | E5: =SUM('Collapsed Data'!AM3:AM13) -> 11 | F5: =SUM('Collapsed Data'!AN3:AN13) -> 16 | G5: =SUM('Collapsed Data'!AO3:AO13) -> 81 | H5: =SUM('Collapsed Data'!AP3:AP13) -> 67 | I5: =SUM('Collapsed Data'!AQ3:AQ13) -> 86 | J5: =SUM('Collapsed Data'!AR3:AR13) -> 194
A6: All Responses, less N/A or Unsure | B6: =B5-C5 -> 465 | D6: =D5/$B$6 -> 0.021505376 | E6: =E5/$B$6 -> 0.023655914 | F6: =F5/$B$6 -> 0.034408602 | G6: =G5/$B$6 -> 0.17419355 | H6: =H5/$B$6 -> 0.14408602 | I6: =I5/$B$6 -> 0.18494624 | J6: =J5/$B$6 -> 0.4172043
D7: =D5*(D4-$D$10)^2 -> 213.38439 | E7: =E5*(E4-$D$10)^2 -> 144.09702 | F7: =F5*(F4-$D$10)^2 -> 109.77632 | G7: =G5*(G4-$D$10)^2 -> 212.40712 | H7: =H5*(H4-$D$10)^2 -> 25.701228 | I7: =I5*(I4-$D$10)^2 -> 12.460604 | J7: =J5*(J4-$D$10)^2 -> 369.79913
C10: Average Rating | D10: =SUMPRODUCT(D4:J4,D6:J6) -> 5.6193548
C11: Std. Dev. | D11: =SQRT(SUM(D7:J7)/(B6-1)) -> 1.5310196
A12: Share of Students Rating Me Above "OK or Average" | D12: =SUM(H6:J6) -> 0.74623656

Sheet Integration
A1: "T.A. was able to integrate the lecture and discussion material."
C3: N/A or Unsure | D3: "Among Worst" | G3: "OK or Average" | J3: "Among Best"
C4: 0 | D4: 1 | E4: 2 | F4: 3 | G4: 4 | H4: 5 | I4: 6 | J4: 7
A5: All Responses | B5: =SUM(C5:J5) -> 482 | C5: =SUM('Collapsed Data'!AS3:AS13) -> 21 | D5: =SUM('Collapsed Data'!AT3:AT13) -> 14 | E5: =SUM('Collapsed Data'!AU3:AU13) -> 18 | F5: =SUM('Collapsed Data'!AV3:AV13) -> 28 | G5: =SUM('Collapsed Data'!AW3:AW13) -> 89 | H5: =SUM('Collapsed Data'!AX3:AX13) -> 70 | I5: =SUM('Collapsed Data'!AY3:AY13) -> 85 | J5: =SUM('Collapsed Data'!AZ3:AZ13) -> 157
A6: All Responses, less N/A or Unsure | B6: =B5-C5 -> 461 | D6: =D5/$B$6 -> 0.030368764 | E6: =E5/$B$6 -> 0.039045553 | F6: =F5/$B$6 -> 0.060737527 | G6: =G5/$B$6 -> 0.19305857 | H6: =H5/$B$6 -> 0.15184382 | I6: =I5/$B$6 -> 0.18438178 | J6: =J5/$B$6 -> 0.34056399
D7: =D5*(D4-$D$10)^2 -> 260.35082 | E7: =E5*(E4-$D$10)^2 -> 197.49165 | F7: =F5*(F4-$D$10)^2 -> 149.71682 | G7: =G5*(G4-$D$10)^2 -> 153.28473 | H7: =H5*(H4-$D$10)^2 -> 6.8300074 | I7: =I5*(I4-$D$10)^2 -> 40.191628 | J7: =J5*(J4-$D$10)^2 -> 447.15387
C10: Average Rating | D10: =SUMPRODUCT(D4:J4,D6:J6) -> 5.3123644
C11: Std. Dev. | D11: =SQRT(SUM(D7:J7)/(B6-1)) -> 1.6517576
A12: Share of Students Rating Me Above "OK or Average" | D12: =SUM(H6:J6) -> 0.67678959

Sheet Timeliness
A1: "T.A. was present and on time for discussion sections/office hours."
C3: N/A or Unsure | D3: "Among Worst" | G3: "OK or Average" | J3: "Among Best"
C4: 0 | D4: 1 | E4: 2 | F4: 3 | G4: 4 | H4: 5 | I4: 6 | J4: 7
A5: All Responses | B5: =SUM(C5:J5) -> 480 | C5: =SUM('Collapsed Data'!BA3:BA13) -> 24 | D5: =SUM('Collapsed Data'!BB3:BB13) -> 8 | E5: =SUM('Collapsed Data'!BC3:BC13) -> 7 | F5: =SUM('Collapsed Data'!BD3:BD13) -> 11 | G5: =SUM('Collapsed Data'!BE3:BE13) -> 83 | H5: =SUM('Collapsed Data'!BF3:BF13) -> 51 | I5: =SUM('Collapsed Data'!BG3:BG13) -> 85 | J5: =SUM('Collapsed Data'!BH3:BH13) -> 211
A6: All Responses, less N/A or Unsure | B6: =B5-C5 -> 456 | D6: =D5/$B$6 -> 0.01754386 | E6: =E5/$B$6 -> 0.015350877 | F6: =F5/$B$6 -> 0.024122807 | G6: =G5/$B$6 -> 0.18201754 | H6: =H5/$B$6 -> 0.11184211 | I6: =I5/$B$6 -> 0.18640351 | J6: =J5/$B$6 -> 0.4627193
D7: =D5*(D4-$D$10)^2 -> 181.66855 | E7: =E5*(E4-$D$10)^2 -> 99.245071 | F7: =F5*(F4-$D$10)^2 -> 84.11882 | G7: =G5*(G4-$D$10)^2 -> 258.66649 | H7: =H5*(H4-$D$10)^2 -> 29.87386 | I7: =I5*(I4-$D$10)^2 -> 4.6801179 | J7: =J5*(J4-$D$10)^2 -> 321.63963
C10: Average Rating | D10: =SUMPRODUCT(D4:J4,D6:J6) -> 5.7653509
C11: Std. Dev. | D11: =SQRT(SUM(D7:J7)/(B6-1)) -> 1.4675183
A12: Share of Students Rating Me Above "OK or Average" | D12: =SUM(H6:J6) -> 0.76096491

Sheet Usefulness
A1: "The discussion sections were useful to the success of the course."
C3: N/A or Unsure | D3: "Among Worst" | G3: "OK or Average" | J3: "Among Best"
C4: 0 | D4: 1 | E4: 2 | F4: 3 | G4: 4 | H4: 5 | I4: 6 | J4: 7
A5: All Responses | B5: =SUM(C5:J5) -> 484 | C5: =SUM('Collapsed Data'!BI3:BI13) -> 30 | D5: =SUM('Collapsed Data'!BJ3:BJ13) -> 19 | E5: =SUM('Collapsed Data'!BK3:BK13) -> 26 | F5: =SUM('Collapsed Data'!BL3:BL13) -> 23 | G5: =SUM('Collapsed Data'!BM3:BM13) -> 90 | H5: =SUM('Collapsed Data'!BN3:BN13) -> 65 | I5: =SUM('Collapsed Data'!BO3:BO13) -> 81 | J5: =SUM('Collapsed Data'!BP3:BP13) -> 150
A6: All Responses, less N/A or Unsure | B6: =B5-C5 -> 454 | D6: =D5/$B$6 -> 0.04185022 | E6: =E5/$B$6 -> 0.057268722 | F6: =F5/$B$6 -> 0.050660793 | G6: =G5/$B$6 -> 0.19823789 | H6: =H5/$B$6 -> 0.14317181 | I6: =I5/$B$6 -> 0.1784141 | J6: =J5/$B$6 -> 0.33039648
D7: =D5*(D4-$D$10)^2 -> 335.23031 | E7: =E5*(E4-$D$10)^2 -> 266.31331 | F7: =F5*(F4-$D$10)^2 -> 111.36459 | G7: =G5*(G4-$D$10)^2 -> 129.69517 | H7: =H5*(H4-$D$10)^2 -> 2.6114664 | I7: =I5*(I4-$D$10)^2 -> 51.782923 | J7: =J5*(J4-$D$10)^2 -> 485.76214
C10: Average Rating | D10: =SUMPRODUCT(D4:J4,D6:J6) -> 5.2004405
C11: Std. Dev. | D11: =SQRT(SUM(D7:J7)/(B6-1)) -> 1.7471263
A12: Share of Students Rating Me Above "OK or Average" | D12: =SUM(H6:J6) -> 0.65198238

Sheet Future Course
A1: "I would expect another course with this T.A. to be…"
C3: N/A or Unsure | D3: "Among Worst" | G3: "OK or Average" | J3: "Among Best"
C4: 0 | D4: 1 | E4: 2 | F4: 3 | G4: 4 | H4: 5 | I4: 6 | J4: 7
A5: All Responses | B5: =SUM(C5:J5) -> 480 | C5: =SUM('Collapsed Data'!BQ3:BQ13) -> 25 | D5: =SUM('Collapsed Data'!BR3:BR13) -> 21 | E5: =SUM('Collapsed Data'!BS3:BS13) -> 19 | F5: =SUM('Collapsed Data'!BT3:BT13) -> 22 | G5: =SUM('Collapsed Data'!BU3:BU13) -> 97 | H5: =SUM('Collapsed Data'!BV3:BV13) -> 57 | I5: =SUM('Collapsed Data'!BW3:BW13) -> 84 | J5: =SUM('Collapsed Data'!BX3:BX13) -> 155
A6: All Responses, less N/A or Unsure | B6: =B5-C5 -> 455 | D6: =D5/$B$6 -> 0.046153846 | E6: =E5/$B$6 -> 0.041758242 | F6: =F5/$B$6 -> 0.048351648 | G6: =G5/$B$6 -> 0.21318681 | H6: =H5/$B$6 -> 0.12527473 | I6: =I5/$B$6 -> 0.18461538 | J6: =J5/$B$6 -> 0.34065934
D7: =D5*(D4-$D$10)^2 -> 378.62627 | E7: =E5*(E4-$D$10)^2 -> 200.21278 | F7: =F5*(F4-$D$10)^2 -> 110.99456 | G7: =G5*(G4-$D$10)^2 -> 150.63124 | H7: =H5*(H4-$D$10)^2 -> 3.4537278 | I7: =I5*(I4-$D$10)^2 -> 47.735858 | J7: =J5*(J4-$D$10)^2 -> 476.77633
C10: Average Rating | D10: =SUMPRODUCT(D4:J4,D6:J6) -> 5.2461538
C11: Std. Dev. | D11: =SQRT(SUM(D7:J7)/(B6-1)) -> 1.736135
A12: Share of Students Rating Me Above "OK or Average" | D12: =SUM(H6:J6) -> 0.65054945
